<?xml version="1.0" encoding="UTF-8" standalone="yes"?>
<addon id="plugin.video.kodiflix" name="kodiflix" version="1.0.0" provider-name="http://coffeinthemornin.comxa.com">
  <requires>
    <import addon="xbmc.python" version="2.1.0"/>
  </requires>
  <extension point="xbmc.python.pluginsource" library="default.py">
        <provides>video executable</provides>
  </extension>
  <extension point="xbmc.addon.metadata">
    <summary lang="en">Kodiflix Wizard</summary>
    <description lang="en">fuck building wizards.</description>
    <platform>all</platform>
  </extension>
</addon>
